Tweet ID,Is Transphobic,Severity,Confidence,Concerns,Explanation,Analyzed At
"602551146","false","low","high","","This tweet appears to be a simple, frustrated statement from a person correcting someone who is repeatedly misgendering or misnaming them.  There is no evidence of denial of a trans person's identity, misgendering, harmful stereotypes, incitement to discrimination or violence, questioning of trans rights, or framing trans people as threats. The tweet is simply expressing annoyance at being called the wrong name.  While the context of the user's identity is unknown, the tweet itself lacks any language or implication of transphobia.","2025-08-28T23:38:56.657+00:00"
"602667657","false","low","high","","This tweet does not contain any language that denies trans people's identities, misgenders or deadnames anyone, uses harmful stereotypes, contributes to discrimination or violence, questions trans rights or access to healthcare, or frames trans people as threats.  It focuses on demanding accountability from Dr. Rebecca Don Kennedy for serious accusations she made, specifically regarding individuals being in the pay of the far-right/MAGA. The tweet's content is entirely focused on the alleged actions and the need for transparency and evidence, not on targeting or harming the transgender community.","2025-08-28T23:38:54.156+00:00"
"602667647","false","low","high","","This tweet does not directly target transgender people or their identities.  It criticizes specific individuals (Scottish functionaries and a journalist) for allegedly making defamatory statements without facing consequences. While the tweet mentions a user named ""@HJoyceGender,"" the context suggests this is related to the ongoing situation described rather than a direct attack on the individual's gender identity. The focus is on accountability for potentially harmful speech, not on trans people themselves. There is no misgendering, deadnaming, harmful stereotyping, incitement to violence, questioning of trans rights, or framing of trans people as threats.","2025-08-28T23:38:51.641+00:00"
"603062925","true","medium","medium","Association with a potentially transphobic account; Implication of wrongdoing without specific details","This tweet is a retweet of another account (@ScotLesbians) accusing the CEO of the Equality Network of smearing women.  While the tweet itself doesn't directly use transphobic language like misgendering or deadnaming, the context is crucial.  The phrasing 'smearing women' is often used in online discourse surrounding gender identity, and the retweet by J.K. Rowling, a figure known for her controversial views on transgender rights, creates a strong association with a potentially transphobic narrative. The lack of specifics about the alleged 'smearing' leaves room for interpretation and potentially fuels existing prejudices against transgender individuals and organizations advocating for their rights. The mention of a 'big holiday' could be interpreted as a dismissive comment about the CEO's concerns, further adding to the negative portrayal.  Therefore, while not explicitly transphobic on its face, the tweet's context and association with a known controversial figure raise concerns.","2025-08-28T23:38:47.968+00:00"
"602775031","true","medium","medium","Harmful stereotypes about trans people; Content that could contribute to discrimination or violence","The tweet's ambiguity is the main reason for the 'medium' confidence level.  While it doesn't explicitly mention transgender people, its context is crucial.  The tweet references a person named 'Khelif' and implies they were supported for 'punching women in the name of sport.'  This immediately brings to mind controversies surrounding transgender women's participation in sports, where a common, albeit transphobic, argument is that transgender women have a physical advantage and pose a threat to cisgender women. By linking this controversy implicitly to passionate support, Rowling risks fueling harmful stereotypes about transgender women being inherently violent or aggressive. The phrase 'punching women' is particularly loaded, suggesting a level of brutality that could incite violence or discrimination against transgender individuals associated with this controversy.  Without knowing the full context of who Khelif is and the specific event this tweet refers to, we cannot definitively say the tweet is directly targeting trans people, but the connection to the ongoing debate about transgender women in sports is undeniably strong and the language used risks inflaming existing prejudice.","2025-08-28T23:38:44.21+00:00"
"603062920","true","medium","medium","Contextual implication of dismissing valid debate as 'weakness'; Potential for silencing marginalized voices","The tweet, while not explicitly mentioning transgender people, is problematic within the context of J.K. Rowling's known history of making transphobic statements. The statement that a man who is ""100% right"" doesn't need to defend his position suggests a dismissal of the need for reasoned discussion and engagement with counter-arguments.  This could be interpreted as a rhetorical strategy to silence those who challenge a particular perspective, particularly relevant given her previous actions.  The tagged individuals are known for their advocacy for trans rights, making the tweet's appearance even more suspicious.  While not directly transphobic on its face, the context strongly suggests an attempt to undermine valid discussion about transgender rights, potentially contributing to a hostile environment for those advocating for such rights. Therefore the potential for harm and reinforcement of negative biases is present.","2025-08-28T23:38:40.32+00:00"
"603062907","true","low","low","","This tweet only contains a mention of a user (@andycovvy) and a URL.  Without knowing the content of the linked URL (https://t.co/zn5ufm2O6S), it's impossible to assess whether the tweet itself or the linked content contains transphobic material. The tweet's text alone provides no indication of transphobic views.  The low confidence level reflects this lack of direct evidence within the tweet itself.  A further investigation of the linked URL is required for a more accurate assessment.","2025-08-28T23:38:36.758+00:00"
"603062900","true","medium","high","Indirectly attacks trans rights advocacy through the framing of the conflict; Uses loaded language ('activist hacks') to delegitimize opponents; Implies malice and dishonesty on the part of For Women Scotland's opponents; Contributes to a hostile environment for trans rights organizations","While the tweet doesn't explicitly mention transgender people, its context is crucial.  The conflict between For Women Scotland (FWS) and its opponents is largely centered around the inclusion of trans women in women's spaces and related rights.  By portraying FWS's opponents (who are largely involved in trans rights advocacy) as 'attackers', 'furious', and employing the dismissive term 'activist hacks', the tweet fuels the anti-trans narrative often deployed against transgender rights advocates. The implication that opposing FWS is somehow inherently wrong and motivated by bad faith reinforces negative stereotypes and contributes to the hostile climate faced by those who support transgender rights. The tweet's overall message indirectly delegitimizes the trans rights movement by suggesting it's composed of unreasonable and dishonest actors.  The phrase 'haven't earned a penny' suggests that their work is somehow less valuable or legitimate.","2025-08-28T23:38:33.566+00:00"
"603062892","true","medium","medium","Association with known transphobic accounts; Lack of context without the linked article and responses","This tweet is a retweet of another user (@ForWomenScot), expressing approval of a response to an article by Kennedy and @NeilMackay.  Without knowing the content of the original article and the response by @HadleyFreeman, it's impossible to definitively assess whether the tweet itself contains transphobic content. However, the context is crucial.  Both @ForWomenScot and J.K. Rowling have previously expressed views considered by many to be transphobic.  This association raises concern. The tweet's approval of a response to criticism suggests potential alignment with viewpoints that may be harmful to the trans community.  The lack of direct transphobic language in this specific tweet doesn't negate the risk, given the context of the involved accounts.  Further investigation into the linked article and Hadley Freeman's response is necessary for a conclusive analysis.","2025-08-28T23:38:29.736+00:00"
"603980444","false","low","high","","This tweet is a clearly sarcastic and insulting comment on someone's clothing choice.  While the comparison to a ""haggis"" is rude and unflattering, it doesn't directly target or involve any aspect of gender identity or expression. There is no misgendering, deadnaming, harmful stereotyping, incitement to violence, questioning of rights, or framing of trans people as threats. The comment is simply a mean-spirited fashion critique.","2025-08-28T23:38:26.054+00:00"
"605345459","false","low","high","","This tweet is a retweet of another user sharing a message from an Afghan woman.  The content of the retweet itself doesn't contain any language that is directly transphobic.  It focuses on sharing a story, and there is no indication that the story itself is related to transgender issues or contains transphobic content. The tweet simply expresses a desire to share a message, and without knowing the content of the original message from the Afghan woman, it's impossible to assess it for transphobic elements.  The focus is on amplifying a woman's voice from Afghanistan, which is a humanitarian concern separate from transgender issues.","2025-08-28T23:38:23.656+00:00"
"605345444","false","none","high","","This tweet is simply a positive expression of affection ('I love it ❤️') directed at another Twitter user (@9Discordia9). There is no mention of transgender people, nor is there any language or implication that could be construed as transphobic.  The tweet lacks any of the elements typically associated with transphobic content.  It's a benign expression of liking something.","2025-08-28T23:38:20.82+00:00"
"605345431","true","medium","medium","Rhetoric that questions trans rights or access to healthcare; Language that frames trans people as a threat (implicitly)","The tweet is a retweet of a statement expressing concern about the potential erosion of 'women's sex-based rights'. While the original statement doesn't explicitly mention transgender people, the context surrounding similar statements made by the retweeter (J.K. Rowling) and others involved in the broader discussion surrounding this topic suggests that this concern is often used to oppose transgender rights, particularly transgender women's access to women's spaces and services.  The phrasing implies that the existence or inclusion of transgender women poses a threat to cisgender women's rights, even though the tweet doesn't directly state this.  The lack of explicit transphobic language lowers the confidence level, but the strong association with anti-trans rhetoric in this context elevates the concern.  The ambiguity makes the severity medium rather than high.","2025-08-28T23:38:18.528+00:00"
"605345386","false","none","high","","This tweet is a simple expression of joy about receiving author copies of a book.  There is no mention of transgender people, nor is there any language, implication, or symbolism that could be interpreted as transphobic. The tweet focuses solely on the positive experience of the author receiving their published work.  There is nothing in the text or linked content (assuming the link is to a relevant image or video) that suggests any potential for transphobic content.","2025-08-28T23:38:14.738+00:00"
"605345411","false","none","high","","This tweet is a simple interaction between two Twitter users.  There is no mention of transgender people, nor is there any language, implication, or action that could be construed as transphobic.  The tweet simply states that the author receives something for free and is about to hand-deliver some of them. The included link is irrelevant to the analysis of transphobia within the tweet itself.","2025-08-28T23:38:12.335+00:00"
"605345398","false","low","high","","This tweet is a simple get-well message to a user named LucilleChip.  There is no language that denies trans identities, misgenders, uses harmful stereotypes, promotes discrimination or violence, questions trans rights or healthcare access, or frames trans people as threats. The tweet is entirely benign and focuses on expressing well wishes.","2025-08-28T23:38:10.024+00:00"
"606141960","false","low","high","","This tweet is a humorous observation about the reasons couples might renew their vows, suggesting extreme scenarios.  It does not mention transgender people, nor does it contain language that could be interpreted as denying their identities, misgendering them, perpetuating harmful stereotypes, contributing to discrimination or violence, questioning their rights, or framing them as threats. The tweet is entirely focused on a comedic take on marital relationships and doesn't engage with transgender issues in any way.","2025-08-28T23:38:07.769+00:00"
"605760935","true","medium","medium","Language that could be interpreted as mocking and dismissive of trans people's feelings","The tweet uses the term ""butthurt,"" which is slang for being offended or upset. While not explicitly transphobic, the context is crucial.  Given J.K. Rowling's history of making controversial statements about transgender people, this tweet, paired with a link (whose content we don't know), could be interpreted as a dismissive response to criticism from transgender individuals or their allies.  The phrasing implies a lack of empathy or concern for the feelings of those who might be upset by her previous statements. The mocking tone suggests that their feelings are invalid or unimportant, contributing to a climate of hostility and potentially silencing marginalized voices. The lack of direct transphobic language lowers the confidence level, but the context and Rowling's history strongly suggest potential harm.","2025-08-28T23:38:05.301+00:00"
"605760928","true","low","low","Lack of context","The tweet, ""@JimHansonDC 2nd September, Strike #8"", is highly ambiguous.  Without additional context, it's impossible to definitively determine whether it is transphobic. The tweet could be referring to a completely unrelated event, such as a labor strike. The mention of a date and strike number offers no indication of transphobic intent.  The lack of any explicit language targeting trans people or employing transphobic rhetoric makes it difficult to assess. The inclusion of a username (@JimHansonDC) suggests potential involvement in a larger context or conversation that might clarify the meaning, but without that context, the tweet is too vague to analyze for transphobic content.","2025-08-28T23:38:01.618+00:00"